,DATE,US_GDP,US_UNRATE,US_HousingPriceIndex,US_CPI,US_INDPRO,Price,Open,High,Low,Volume,Change %,Change,USREC,Target
0,2000-01-01,10002.179,4.0,100.551,0.297088532,91.4092,3080.2,3080.2,3080.2,3080.2,14585551181.102362,-1.20%,-0.012,0.0,0
1,2000-02-01,10002.179,4.1,101.339,0.592417062,91.7245,3124.6,3124.6,3124.6,3124.6,14585551181.102362,1.44%,0.0144,0.0,1
2,2000-03-01,10002.179,4.0,102.127,0.824499411,92.083,3133.3,3133.3,3133.3,3133.3,14585551181.102362,0.28%,0.0028000000000000004,0.0,1
3,2000-04-01,10247.72,3.8,102.922,0.058411215,92.6659,3115.8,3133.3,3201.4,2902.1,14585551181.102362,-0.56%,-0.005600000000000001,0.0,0
4,2000-05-01,10247.72,4.0,103.677,0.116754232,92.9347,3081.0,3115.8,3131.9,2985.7,14585551181.102362,-1.12%,-0.011200000000000002,0.0,0
5,2000-06-01,10247.72,4.0,104.424,0.524781341,93.0018,3311.2,3081.0,3313.8,3067.1,14585551181.102362,7.47%,0.0747,0.0,1
6,2000-07-01,10318.165,4.0,105.054,0.232018561,92.8373,3251.1,3311.2,3337.4,3227.3,14585551181.102362,-1.82%,-0.0182,0.0,0
7,2000-08-01,10318.165,4.1,105.768,0.0,92.591,3297.8,3251.1,3386.6,3241.0,14585551181.102362,1.44%,0.0144,0.0,1
8,2000-09-01,10318.165,3.9,106.538,0.520833333,92.9827,3298.8,3297.8,3356.5,3176.2,14585551181.102362,0.03%,0.0003,0.0,1
9,2000-10-01,10435.744,3.9,107.382,0.172711572,92.64,3254.6,3298.8,3330.7,3180.7,14585551181.102362,-1.34%,-0.0134,0.0,0
10,2000-11-01,10435.744,3.9,108.302,0.057471264,92.6604,3274.6,3254.6,3381.0,3254.6,14585551181.102362,0.61%,0.0060999999999999995,0.0,1
11,2000-12-01,10435.744,3.9,109.142,-0.057438254,92.3457,3206.2,3274.6,3348.8,3171.7,14585551181.102362,-2.09%,-0.0209,0.0,0
12,2001-01-01,10470.231,4.2,109.846,0.632183908,91.8908,3341.7,3206.2,3347.7,3206.2,14585551181.102362,4.23%,0.042300000000000004,0.0,1
13,2001-02-01,10470.231,4.2,110.501,0.399771559,91.2851,3326.5,3341.7,3364.3,3278.8,14585551181.102362,-0.45%,-0.0045000000000000005,0.0,0
14,2001-03-01,10470.231,4.3,111.108,0.227531286,91.0585,3147.2,3326.5,3370.2,3138.4,14585551181.102362,-5.39%,-0.053899999999999997,0.0,0
15,2001-04-01,10599.0,4.4,111.652,0.397275823,90.7384,3329.4,3147.2,3333.7,3147.2,14585551181.102362,5.79%,0.0579,1.0,1
16,2001-05-01,10599.0,4.3,112.164,0.4522329,90.2607,3379.1,3329.4,3444.3,3322.1,14585551181.102362,1.49%,0.0149,1.0,1
17,2001-06-01,10599.0,4.5,112.797,0.16882386,89.7811,3490.3,3379.1,3490.3,3378.1,14585551181.102362,3.29%,0.0329,1.0,1
18,2001-07-01,10598.02,4.6,113.491,-0.280898876,89.2352,3324.5,3490.3,3490.3,3283.4,14585551181.102362,-4.75%,-0.0475,1.0,0
19,2001-08-01,10598.02,4.9,114.167,0.0,89.157,3275.6,3324.5,3424.8,3275.6,14585551181.102362,-1.47%,-0.0147,1.0,0
20,2001-09-01,10598.02,5.0,114.812,0.450704225,88.6749,3049.5,3275.6,3295.0,2882.8,14585551181.102362,-6.90%,-0.069,1.0,0
21,2001-10-01,10660.465,5.3,115.31,-0.336511497,88.4051,3249.6,3049.5,3285.9,3049.5,14585551181.102362,6.56%,0.06559999999999999,1.0,1
22,2001-11-01,10660.465,5.5,115.857,-0.16882386,87.886,3337.4,3249.6,3370.5,3222.4,14585551181.102362,2.70%,0.027000000000000003,1.0,1
23,2001-12-01,10660.465,5.7,116.455,-0.394588501,87.8518,3422.3,3337.5,3440.6,3288.4,14585551181.102362,2.54%,0.0254,0.0,1
24,2002-01-01,10783.5,5.7,117.143,0.226372383,88.4634,3464.2,3422.3,3468.9,3377.3,14585551181.102362,1.22%,0.012199999999999999,0.0,1
25,2002-02-01,10783.5,5.7,117.844,0.395256917,88.4578,3414.3,3464.2,3506.1,3402.5,14585551181.102362,-1.44%,-0.0144,0.0,0
26,2002-03-01,10783.5,5.7,118.687,0.562429696,89.1265,3414.8,3414.3,3499.9,3382.1,14585551181.102362,0.01%,0.0001,0.0,1
27,2002-04-01,10887.46,5.9,119.611,0.559284116,89.5507,3350.0,3414.8,3424.6,3337.5,14585551181.102362,-1.90%,-0.019,0.0,0
28,2002-05-01,10887.46,5.8,120.724,0.0,89.9348,3373.6,3350.0,3420.0,3295.9,14585551181.102362,0.70%,0.006999999999999999,0.0,1
29,2002-06-01,10887.46,5.8,121.813,0.055617353,90.6736,3216.0,3373.6,3388.2,3174.0,14585551181.102362,-4.67%,-0.0467,0.0,0
30,2002-07-01,10984.04,5.8,122.888,0.111172874,90.6436,3086.2,3216.0,3259.0,2982.1,14585551181.102362,-4.04%,-0.0404,0.0,0
31,2002-08-01,10984.04,5.7,123.831,0.333148251,90.5505,3120.1,3086.2,3202.9,2955.7,14585551181.102362,1.10%,0.011000000000000001,0.0,1
32,2002-09-01,10984.04,5.7,124.78,0.166021029,90.6373,2970.9,3122.3,3156.7,2953.2,14585551181.102362,-4.78%,-0.0478,0.0,0
33,2002-10-01,11061.433,5.7,125.735,0.165745856,90.3988,3042.9,2970.9,3043.0,2883.5,14585551181.102362,2.42%,0.0242,0.0,1
34,2002-11-01,11061.433,5.9,126.67,0.0,90.8947,3061.4,3042.9,3079.7,2950.7,14585551181.102362,0.61%,0.0060999999999999995,0.0,1
35,2002-12-01,11061.433,6.0,127.624,-0.220628792,90.3906,3007.1,3061.4,3083.8,2945.9,14585551181.102362,-1.77%,-0.0177,0.0,0
36,2003-01-01,11174.129,5.8,128.461,0.442233278,91.1369,2956.9,3007.1,3094.1,2929.1,14585551181.102362,-1.67%,-0.0167,0.0,0
37,2003-02-01,11174.129,5.9,129.356,0.770500826,91.2505,2800.9,2956.9,2969.2,2794.4,14585551181.102362,-5.28%,-0.0528,0.0,0
38,2003-03-01,11174.129,5.9,130.148,0.60076461,91.0006,2885.2,2800.9,2911.9,2693.3,14585551181.102362,3.01%,0.0301,0.0,1
39,2003-04-01,11312.766,6.0,130.885,-0.217155266,90.4311,3007.5,2885.2,3023.7,2865.9,14585551181.102362,4.24%,0.0424,0.0,1
40,2003-05-01,11312.766,6.1,131.735,-0.163220892,90.4,3011.0,3007.5,3026.1,2917.9,14585551181.102362,0.12%,0.0012,0.0,1
41,2003-06-01,11312.766,6.3,132.649,0.108991826,90.5196,3026.9,3011.0,3124.6,3011.0,14585551181.102362,0.53%,0.0053,0.0,1
42,2003-07-01,11566.669,6.2,133.77700000000002,0.108873163,90.9869,3122.3,3026.9,3131.8,3003.8,6100000000.0,3.15%,0.0315,0.0,1
43,2003-08-01,11566.669,6.1,134.968,0.380641653,90.7933,3199.7,3128.0,3210.7,3120.1,9120000000.0,2.48%,0.0248,0.0,1
44,2003-09-01,11566.669,6.1,136.29399999999998,0.325027086,91.3819,3169.5,3203.8,3247.4,3157.5,10110000000.0,-0.94%,-0.009399999999999999,0.0,0
45,2003-10-01,11772.234,6.0,137.532,-0.107991361,91.5049,3272.0,3168.0,3311.8,3153.0,9010000000.0,3.23%,0.0323,0.0,1
46,2003-11-01,11772.234,5.8,138.795,-0.27027027,92.1265,3186.4,3270.9,3276.3,3158.8,7790000000.0,-2.62%,-0.0262,0.0,0
47,2003-12-01,11772.234,5.7,140.18,-0.108401084,92.1732,3299.8,3184.7,3302.0,3162.5,7280000000.0,3.56%,0.0356,0.0,1
48,2004-01-01,11923.447,5.7,141.64700000000002,0.488334238,92.3268,3272.0,3298.9,3346.2,3258.3,8109999999.999999,-0.84%,-0.0084,0.0,0
49,2004-02-01,11923.447,5.6,143.192,0.539956803,92.8995,3360.6,3273.2,3360.9,3252.9,8330000000.0,2.71%,0.0271,0.0,1
50,2004-03-01,11923.447,5.8,145.058,0.644468314,92.5368,3415.3,3364.8,3456.1,3364.6,10820000000.0,1.63%,0.0163,0.0,1
51,2004-04-01,12112.815,5.6,146.592,0.320170758,92.8957,3400.8,3418.7,3469.2,3378.6,8830000000.0,-0.42%,-0.0042,0.0,0
52,2004-05-01,12112.815,5.6,148.186,0.585106383,93.5845,3460.2,3399.0,3467.6,3341.0,9520000000.0,1.75%,0.0175,0.0,1
53,2004-06-01,12112.815,5.6,149.851,0.317292438,92.8651,3532.9,3459.3,3556.4,3453.6,10290000000.0,2.10%,0.021,0.0,1
54,2004-07-01,12305.307,5.5,151.338,-0.158144439,93.5502,3536.1,3533.0,3568.7,3478.2,9870000000.0,0.09%,0.0009,0.0,1
55,2004-08-01,12305.307,5.4,152.634,0.05279831,93.6301,3552.7,3534.4,3568.7,3467.1,9170000000.0,0.47%,0.004699999999999999,0.0,1
56,2004-09-01,12305.307,5.4,154.18,0.211081794,93.7353,3665.0,3554.0,3673.1,3554.0,9980000000.0,3.16%,0.0316,0.0,1
57,2004-10-01,12527.214,5.5,155.752,0.526592944,94.5695,3778.6,3665.1,3779.5,3654.6,11500000000.0,3.10%,0.031,0.0,1
58,2004-11-01,12527.214,5.4,157.528,0.052383447,94.8015,3931.3,3781.0,3943.6,3777.9,10560000000.0,4.04%,0.0404,0.0,1
59,2004-12-01,12527.214,5.4,159.33100000000002,-0.366492147,95.5415,4050.6,3932.2,4055.0,3877.1,8320000000.0,3.03%,0.030299999999999997,0.0,1
60,2005-01-01,12767.286,5.3,161.289,0.21019443,95.8785,4107.3,4048.3,4121.0,4026.1,7230000000.0,1.40%,0.013999999999999999,0.0,1
61,2005-02-01,12767.286,5.4,163.344,0.576822234,96.5709,4172.8,4113.7,4195.6,4096.9,9950000000.0,1.59%,0.0159,0.0,1
62,2005-03-01,12767.286,5.2,165.813,0.782064651,96.4345,4109.8,4173.2,4266.9,4059.5,9920000000.0,-1.51%,-0.0151,0.0,0
63,2005-04-01,12922.656,5.2,167.502,0.672529747,96.6347,3983.2,4118.9,4165.5,3957.3,9110000000.0,-3.08%,-0.0308,0.0,0
64,2005-05-01,12922.656,5.1,169.351,-0.102774923,96.7251,4106.4,3991.0,4142.5,3926.6,10310000000.0,3.09%,0.030899999999999997,0.0,1
65,2005-06-01,12922.656,5.0,171.19099999999997,0.051440329,97.1483,4277.5,4105.1,4321.7,4098.8,10410000000.0,4.17%,0.0417,0.0,1
66,2005-07-01,13142.642,5.0,172.86,0.462724936,96.8397,4388.8,4272.7,4398.8,4213.6,8840000000.0,2.60%,0.026000000000000002,0.0,1
67,2005-08-01,13142.642,4.9,174.442,0.511770727,97.1584,4446.8,4388.3,4502.2,4361.4,11200000000.0,1.32%,0.0132,0.0,1
68,2005-09-01,13142.642,5.0,176.437,1.221995927,95.2764,4641.2,4454.3,4679.1,4440.9,11150000000.0,4.37%,0.0437,0.0,1
69,2005-10-01,13324.204,5.0,178.02700000000002,0.201207243,96.4411,4459.7,4642.2,4654.3,4311.1,9520000000.0,-3.91%,-0.0391,0.0,0
70,2005-11-01,13324.204,5.0,179.68,-0.803212851,97.5016,4634.8,4463.6,4680.1,4441.8,10200000000.0,3.93%,0.0393,0.0,1
71,2005-12-01,13324.204,4.9,180.91,-0.4048583,97.9723,4763.4,4625.7,4775.8,4549.3,8010000000.0,2.77%,0.0277,0.0,1
72,2006-01-01,13599.16,4.7,182.32,0.762195122,98.127,4929.6,4762.2,4964.1,4751.1,8230000000.0,3.49%,0.0349,0.0,1
73,2006-02-01,13599.16,4.8,183.287,0.201714574,98.1687,4921.3,4937.4,4982.6,4790.8,10400000000.0,-0.17%,-0.0017000000000000001,0.0,0
74,2006-03-01,13599.16,4.7,184.365,0.55359839,98.3913,5129.7,4913.5,5139.5,4844.8,12380000000.0,4.23%,0.042300000000000004,0.0,1
75,2006-04-01,13753.424,4.7,184.328,0.850850851,98.6826,5258.8,5127.6,5336.6,5122.1,8870000000.0,2.52%,0.0252,0.0,1
76,2006-05-01,13753.424,4.6,184.155,0.496277916,98.7074,5001.7,5273.8,5406.7,4976.8,12260000000.0,-4.89%,-0.0489,0.0,0
77,2006-06-01,13753.424,4.6,183.507,0.197530864,99.0398,5073.9,5018.2,5120.0,4758.3,11800000000.0,1.44%,0.0144,0.0,1
78,2006-07-01,13870.188,4.7,183.066,0.295712173,98.9751,4986.0,5075.5,5146.6,4899.9,9890000000.0,-1.73%,-0.0173,0.0,0
79,2006-08-01,13870.188,4.7,182.593,0.196560197,99.4047,5115.4,4981.6,5115.4,4919.5,12670000000.0,2.60%,0.026000000000000002,0.0,1
80,2006-09-01,13870.188,4.5,182.798,-0.490436488,99.2246,5154.1,5113.5,5164.2,4961.3,12290000000.0,0.76%,0.0076,0.0,1
81,2006-10-01,14039.56,4.4,183.197,-0.542138985,99.1229,5384.4,5153.0,5409.9,5142.7,12470000000.0,4.47%,0.0447,0.0,1
82,2006-11-01,14039.56,4.5,183.608,-0.148662042,99.0963,5482.1,5390.7,5496.3,5322.4,13710000000.0,1.81%,0.0181,0.0,1
83,2006-12-01,14039.56,4.4,184.138,0.148883375,100.1125,5669.9,5486.0,5684.4,5411.0,11390000000.0,3.43%,0.034300000000000004,0.0,1
84,2007-01-01,14215.651,4.6,184.516,0.305252725,99.7546,5773.4,5672.7,5829.3,5499.0,11940000000.0,1.83%,0.0183,0.0,1
85,2007-02-01,14215.651,4.5,184.598,0.535036756,100.7166,5832.5,5781.3,6052.1,5781.3,13530000000.0,1.02%,0.0102,0.0,1
86,2007-03-01,14215.651,4.4,184.15,0.910569585,100.8952,5995.0,5840.6,5998.9,5641.1,14460000000.0,2.79%,0.0279,0.0,1
87,2007-04-01,14402.082,4.5,183.01,0.649616269,101.5723,6166.0,5994.0,6265.2,5915.8,11850000000.0,2.85%,0.0285,0.0,1
88,2007-05-01,14402.082,4.4,181.6,0.611071867,101.6269,6313.5,6163.2,6384.1,6134.2,15630000000.0,2.39%,0.0239,0.0,1
89,2007-06-01,14402.082,4.6,180.253,0.193797518,101.6547,6274.9,6321.0,6409.2,6170.2,16250000000.0,-0.61%,-0.0060999999999999995,0.0,0
90,2007-07-01,14564.117,4.7,179.11,-0.025437721,101.4953,6144.2,6282.0,6436.7,6044.3,15480000000.0,-2.08%,-0.0208,0.0,0
91,2007-08-01,14564.117,4.6,178.116,-0.183390223,101.6943,6247.2,6138.6,6247.2,5483.3,18670000000.0,1.68%,0.0168,0.0,1
92,2007-09-01,14564.117,4.7,177.55700000000002,0.275590741,101.9428,6567.8,6253.7,6594.4,6146.5,13710000000.0,5.13%,0.0513,0.0,1
93,2007-10-01,14715.058,4.7,176.623,0.213919133,101.6446,6754.1,6567.6,6800.2,6542.9,14470000000.0,2.84%,0.028399999999999998,0.0,1
94,2007-11-01,14715.058,4.7,175.146,0.593961787,102.2167,6533.1,6778.4,6851.5,6312.6,14340000000.0,-3.27%,-0.0327,0.0,0
95,2007-12-01,14715.058,5.0,174.34099999999998,-0.067086313,102.2764,6339.8,6535.2,6684.4,6105.6,13260000000.0,-2.96%,-0.0296,0.0,0
96,2008-01-01,14706.538,5.0,173.13099999999997,0.497057647,102.1493,5650.3,6336.6,6385.7,5186.8,17290000000.0,-10.88%,-0.10880000000000001,1.0,0
97,2008-02-01,14706.538,4.9,171.53900000000002,0.290411218,101.7756,5572.1,5672.6,6022.0,5490.4,15640000000.0,-1.38%,-0.0138,1.0,0
98,2008-03-01,14706.538,5.1,170.05200000000002,0.866821293,101.4508,5355.7,5534.3,5535.2,5039.6,18110000000.0,-3.88%,-0.0388,1.0,0
99,2008-04-01,14865.701,5.0,168.33700000000002,0.606477839,100.7554,5595.4,5363.4,5672.7,5301.0,15470000000.0,4.48%,0.044800000000000006,1.0,1
100,2008-05-01,14865.701,5.4,166.658,0.842088603,100.1336,5654.7,5592.6,5980.8,5538.7,17000000000.0,1.06%,0.0106,1.0,1
101,2008-06-01,14865.701,5.6,165.016,1.007699693,99.8728,5215.3,5671.9,5681.5,5144.7,19310000000.0,-7.77%,-0.07769999999999999,1.0,0
102,2008-07-01,14898.999,5.8,163.564,0.525101113,99.4194,4977.4,5230.1,5231.9,4787.5,18440000000.0,-4.56%,-0.045599999999999995,1.0,0
103,2008-08-01,14898.999,6.1,161.986,-0.399156226,97.8491,5135.6,4971.7,5146.3,4758.5,16399999999.999998,3.18%,0.0318,1.0,1
104,2008-09-01,14898.999,6.1,160.30700000000002,-0.138301854,93.5576,4600.5,5128.7,5177.2,4527.4,20170000000.0,-10.42%,-0.1042,1.0,0
105,2008-10-01,14608.209,6.5,158.326,-1.010133328,94.4985,4018.0,4636.3,4832.5,3724.8,19090000000.0,-12.66%,-0.1266,1.0,0
106,2008-11-01,14608.209,6.8,156.141,-1.915289533,93.2617,3742.5,4041.6,4340.5,3217.5,17720000000.0,-6.86%,-0.06860000000000001,1.0,0
107,2008-12-01,14608.209,7.3,153.618,-1.034247381,90.6266,3722.3,3738.9,3738.9,3474.1,17059999999.999998,-0.54%,-0.0054,1.0,0
108,2009-01-01,14430.902,7.8,151.506,0.435241738,88.3712,3540.7,3723.9,3817.9,3342.7,13000000000.0,-4.88%,-0.048799999999999996,1.0,0
109,2009-02-01,14430.902,8.3,150.014,0.497293304,87.843,3344.5,3519.4,3578.7,3296.2,16730000000.0,-5.54%,-0.0554,1.0,0
110,2009-03-01,14430.902,8.7,148.659,0.243174846,86.4689,3582.1,3329.4,3706.6,3120.8,23760000000.0,7.10%,0.071,1.0,1
111,2009-04-01,14381.236,9.0,147.947,0.249636828,85.7903,3780.5,3583.6,3851.2,3550.9,19450000000.0,5.54%,0.0554,1.0,1
112,2009-05-01,14381.236,9.4,147.69299999999998,0.288876383,84.9436,3818.0,3771.4,3960.4,3714.9,24020000000.0,0.99%,0.009899999999999999,1.0,1
113,2009-06-01,14381.236,9.5,148.088,0.858989226,84.6746,3954.9,3826.4,4079.4,3767.9,28430000000.0,3.59%,0.0359,1.0,1
114,2009-07-01,14448.882,9.5,148.408,-0.158558692,85.6853,4244.0,3939.5,4247.9,3709.2,23790000000.0,7.31%,0.0731,0.0,1
115,2009-08-01,14448.882,9.6,148.27700000000002,0.224285004,86.6393,4479.1,4245.9,4537.2,4245.9,35120000000.0,5.54%,0.0554,0.0,1
116,2009-09-01,14448.882,9.8,148.024,0.062548069,87.3821,4743.6,4476.6,4767.9,4410.0,31230000000.0,5.91%,0.0591,0.0,1
117,2009-10-01,14651.249,10.0,147.85,0.096310119,87.5809,4643.2,4738.8,4895.3,4562.5,25740000000.0,-2.12%,-0.0212,0.0,0
118,2009-11-01,14651.249,9.9,148.136,0.070775337,87.9388,4701.4,4611.0,4799.0,4502.5,22430000000.0,1.25%,0.0125,0.0,1
119,2009-12-01,14651.249,9.9,147.93,-0.176119817,88.2404,4870.6,4696.9,4873.6,4596.2,17650000000.0,3.60%,0.036000000000000004,0.0,1
120,2010-01-01,14764.61,9.8,147.39600000000002,0.341747357,89.1897,4569.6,4864.9,4955.1,4566.7,16739999999.999998,-6.18%,-0.061799999999999994,0.0,0
121,2010-02-01,14764.61,9.8,145.631,0.024920738,89.5046,4637.7,4569.9,4718.3,4464.9,21150000000.0,1.49%,0.0149,0.0,1
122,2010-03-01,14764.61,9.9,145.858,0.410628354,90.1356,4875.5,4633.1,4928.9,4633.1,25600000000.0,5.13%,0.0513,0.0,1
123,2010-04-01,14980.193,9.9,146.401,0.173688491,90.4607,4807.4,4880.0,5025.1,4779.3,20550000000.0,-1.40%,-0.013999999999999999,0.0,0
124,2010-05-01,14980.193,9.6,146.392,0.077519735,91.7014,4429.7,4782.8,4804.5,4175.7,27110000000.0,-7.86%,-0.0786,0.0,0
125,2010-06-01,14980.193,9.4,145.719,-0.097626708,91.9033,4301.5,4430.6,4622.0,4249.5,21020000000.0,-2.89%,-0.028900000000000002,0.0,0
126,2010-07-01,15141.607,9.4,144.987,0.021104306,92.2549,4493.5,4284.6,4531.6,4182.3,18410000000.0,4.46%,0.0446,0.0,1
127,2010-08-01,15141.607,9.5,143.912,0.138066428,92.5936,4404.2,4495.1,4598.7,4313.9,23050000000.0,-1.99%,-0.0199,0.0,0
128,2010-09-01,15141.607,9.5,143.015,0.058173623,92.8533,4582.9,4413.3,4698.0,4413.3,22950000000.0,4.06%,0.0406,0.0,1
129,2010-10-01,15309.474,9.4,142.526,0.124519889,92.6033,4661.6,4593.1,4725.9,4559.0,20690000000.0,1.72%,0.0172,0.0,1
130,2010-11-01,15309.474,9.8,142.167,0.042064642,92.6686,4584.4,4665.7,4815.0,4551.2,22130000000.0,-1.66%,-0.0166,0.0,0
131,2010-12-01,15309.474,9.3,142.054,0.171844079,93.5916,4745.2,4581.4,4811.9,4557.0,16829999999.999998,3.51%,0.0351,0.0,1
132,2011-01-01,15351.448,9.1,141.516,0.476323005,93.3889,4753.9,4758.3,4839.2,4686.5,15810000000.0,0.18%,0.0018,0.0,1
133,2011-02-01,15351.448,9.0,140.343,0.493136503,93.0045,4831.7,4759.1,4944.4,4751.8,17750000000.0,1.64%,0.016399999999999998,0.0,1
134,2011-03-01,15351.448,9.0,139.975,0.975107203,93.9684,4837.9,4839.7,4864.3,4477.4,26030000000.0,0.13%,0.0013,0.0,1
135,2011-04-01,15557.539,9.1,140.007,0.643942954,93.6571,4823.2,4836.1,4976.4,4788.6,16500000000.0,-0.30%,-0.003,0.0,0
136,2011-05-01,15557.539,9.0,139.903,0.470418753,93.7723,4708.3,4826.3,4835.5,4582.7,20940000000.0,-2.38%,-0.023799999999999998,0.0,0
137,2011-06-01,15557.539,9.1,139.86,-0.107096706,94.0493,4608.0,4711.3,4724.8,4451.7,20350000000.0,-2.13%,-0.0213,0.0,0
138,2011-07-01,15647.68,9.0,139.72799999999998,0.088604567,94.4958,4424.6,4612.2,4657.4,4421.1,18560000000.0,-3.98%,-0.0398,0.0,0
139,2011-08-01,15647.68,9.0,139.308,0.27575889,95.0974,4296.5,4440.9,4517.4,3765.9,26630000000.0,-2.90%,-0.028999999999999998,0.0,0
140,2011-09-01,15647.68,9.0,138.667,0.151846212,95.0244,4008.6,4297.9,4354.6,3862.4,24250000000.0,-6.70%,-0.067,0.0,0
141,2011-10-01,15842.259,8.8,137.951,-0.206268263,95.6891,4298.1,3990.6,4417.6,3840.2,17740000000.0,7.22%,0.0722,0.0,1
142,2011-11-01,15842.259,8.6,137.15,-0.084356133,95.6778,4119.8,4278.1,4365.0,3973.8,17160000000.0,-4.15%,-0.0415,0.0,0
143,2011-12-01,15842.259,8.5,136.672,-0.246651638,96.1809,4056.6,4157.5,4335.2,4038.1,14340000000.0,-1.53%,-0.015300000000000001,0.0,0
144,2012-01-01,16068.805,8.3,136.606,0.440019143,96.7595,4262.7,4069.9,4315.6,4069.1,12730000000.0,5.08%,0.0508,0.0,1
145,2012-02-01,16068.805,8.3,136.531,0.440297355,97.0662,4298.5,4258.9,4318.8,4170.2,18150000000.0,0.84%,0.0084,0.0,1
146,2012-03-01,16068.805,8.2,137.90200000000002,0.759455862,96.5609,4335.2,4291.0,4361.1,4143.7,19190000000.0,0.85%,0.0085,0.0,1
147,2012-04-01,16207.115,8.2,139.151,0.30210295,97.251,4396.6,4349.4,4397.9,4246.1,12930000000.0,1.42%,0.014199999999999999,0.0,1
148,2012-05-01,16207.115,8.2,140.15200000000002,-0.117347937,97.4595,4076.3,4398.6,4448.5,4024.8,19860000000.0,-7.29%,-0.0729,0.0,0
149,2012-06-01,16207.115,8.2,141.028,-0.146639688,97.4768,4094.6,4076.3,4159.3,3985.0,17070000000.0,0.45%,0.0045000000000000005,0.0,1
150,2012-07-01,16319.541,8.2,141.66899999999998,-0.162978586,97.6714,4269.2,4094.6,4288.1,4062.3,14340000000.0,4.26%,0.0426,0.0,1
151,2012-08-01,16319.541,8.1,142.278,0.556515818,97.2734,4316.1,4269.2,4403.9,4212.7,17670000000.0,1.10%,0.011000000000000001,0.0,1
152,2012-09-01,16319.541,7.8,142.906,0.446221227,97.2217,4387.0,4310.0,4421.0,4261.2,16510000000.000002,1.64%,0.016399999999999998,0.0,1
153,2012-10-01,16420.419,7.8,143.597,-0.038892514,97.5311,4517.0,4387.0,4581.8,4375.0,14850000000.0,2.96%,0.0296,0.0,1
154,2012-11-01,16420.419,7.7,144.58,-0.473808669,97.9084,4506.0,4517.0,4519.3,4334.3,15730000000.0,-0.24%,-0.0024,0.0,0
155,2012-12-01,16420.419,7.9,145.497,-0.269306449,98.1884,4649.0,4506.0,4688.6,4500.2,12300000000.0,3.17%,0.0317,0.0,1
156,2013-01-01,16648.189,8.0,146.82299999999998,0.295730419,98.1736,4878.8,4648.9,4906.2,4648.9,13140000000.0,4.94%,0.049400000000000006,0.0,1
157,2013-02-01,16648.189,7.7,147.781,0.819002953,98.6434,5104.1,4878.8,5112.5,4869.5,15110000000.0,4.62%,0.0462,0.0,1
158,2013-03-01,16648.189,7.5,149.96,0.261450858,99.047,4966.5,5104.1,5163.5,4927.9,15310000000.0,-2.70%,-0.027000000000000003,0.0,0
159,2013-04-01,16728.687,7.6,151.517,-0.103963948,98.9445,5191.2,4966.5,5195.1,4883.7,14580000000.0,4.52%,0.0452,0.0,1
160,2013-05-01,16728.687,7.5,152.849,0.178040777,99.0383,4926.6,5187.3,5249.6,4897.9,17140000000.0,-5.10%,-0.051,0.0,0
161,2013-06-01,16728.687,7.5,154.19899999999998,0.239970809,99.2221,4802.6,4926.6,4933.3,4632.3,15150000000.0,-2.52%,-0.0252,0.0,0
162,2013-07-01,16953.838,7.3,155.60399999999998,0.039399753,98.8987,5052.0,4802.6,5098.5,4702.7,14330000000.0,5.19%,0.0519,0.0,1
163,2013-08-01,16953.838,7.2,156.961,0.120293156,99.4897,5135.0,5052.0,5168.2,5007.9,14910000000.0,1.64%,0.016399999999999998,0.0,1
164,2013-09-01,16953.838,7.2,158.22299999999998,0.116300449,100.021,5218.9,5135.0,5314.3,5115.1,13750000000.0,1.63%,0.0163,0.0,1
165,2013-10-01,17192.019,7.2,159.239,-0.257528326,99.9037,5425.5,5218.9,5457.3,5118.9,12750000000.0,3.96%,0.039599999999999996,0.0,1
166,2013-11-01,17192.019,6.9,160.07299999999998,-0.204242419,100.1582,5320.1,5425.5,5439.2,5284.9,12460000000.0,-1.94%,-0.0194,0.0,0
167,2013-12-01,17192.019,6.7,160.99200000000002,-0.00858115,100.374,5352.2,5320.0,5367.4,5028.2,12430000000.0,0.60%,0.006,0.0,1
168,2014-01-01,17197.738,6.6,161.923,0.372024767,99.9899,5190.0,5352.2,5383.4,5158.9,10810000000.0,-3.03%,-0.030299999999999997,0.0,0
169,2014-02-01,17197.738,6.7,162.52100000000002,0.369790865,100.7471,5404.8,5190.0,5461.7,5052.2,13690000000.0,4.14%,0.0414,0.0,1
170,2014-03-01,17197.738,6.7,163.08100000000002,0.644004413,101.7435,5394.8,5404.8,5462.3,5288.5,15040000000.0,-0.19%,-0.0019,0.0,0
171,2014-04-01,17518.508,6.2,163.388,0.329675445,101.8273,5489.1,5394.8,5554.5,5350.5,10540000000.0,1.75%,0.0175,0.0,1
172,2014-05-01,17518.508,6.3,163.655,0.349260984,102.2392,5492.5,5489.1,5541.7,5372.1,12370000000.0,0.06%,0.0006,0.0,1
173,2014-06-01,17518.508,6.1,164.065,0.186212694,102.5774,5395.7,5484.1,5526.0,5373.6,12430000000.0,-1.76%,-0.0176,0.0,0
174,2014-07-01,17804.228,6.2,164.584,-0.039019396,102.7954,5632.9,5395.7,5644.2,5370.9,12090000000.0,4.40%,0.044000000000000004,0.0,1
175,2014-08-01,17804.228,6.1,165.21099999999998,-0.167051417,102.6322,5625.9,5632.9,5679.5,5425.2,12630000000.0,-0.12%,-0.0012,0.0,0
176,2014-09-01,17804.228,5.9,165.90099999999998,0.075256882,102.9417,5292.8,5625.9,5672.7,5253.1,13020000000.0,-5.92%,-0.0592,0.0,0
177,2014-10-01,17912.079,5.7,166.637,-0.251227781,102.9611,5526.6,5292.8,5526.6,5122.0,14410000000.0,4.42%,0.044199999999999996,0.0,1
178,2014-11-01,17912.079,5.8,167.331,-0.539941794,103.5978,5313.0,5526.6,5550.3,5292.9,11450000000.0,-3.86%,-0.038599999999999995,0.0,0
179,2014-12-01,17912.079,5.6,168.045,-0.567010091,103.6151,5411.0,5313.0,5486.7,5142.8,13200000000.0,1.84%,0.0184,0.0,1
180,2015-01-01,18063.529,5.7,168.625,-0.470589237,102.7923,5588.3,5411.0,5619.5,5267.4,11710000000.0,3.28%,0.032799999999999996,0.0,1
181,2015-02-01,18063.529,5.5,169.122,0.434304492,102.1366,5928.8,5588.3,5955.5,5588.3,14490000000.0,6.09%,0.060899999999999996,0.0,1
182,2015-03-01,18063.529,5.4,169.793,0.595172161,101.7869,5891.5,5928.8,5996.9,5748.7,15210000000.0,-0.63%,-0.0063,0.0,0
183,2015-04-01,18279.784,5.4,170.293,0.203287325,101.2255,5790.0,5891.5,5996.4,5749.9,11180000000.0,-1.72%,-0.0172,0.0,0
184,2015-05-01,18279.784,5.6,170.875,0.509723203,100.7675,5777.2,5790.0,5901.8,5574.6,13170000000.0,-0.22%,-0.0022,0.0,0
185,2015-06-01,18279.784,5.3,171.475,0.350287,100.4588,5459.0,5777.2,5777.2,5390.5,14040000000.0,-5.51%,-0.055099999999999996,0.0,0
186,2015-07-01,18401.626,5.2,172.145,0.006704716,101.0893,5699.2,5455.4,5718.9,5383.7,12860000000.0,4.40%,0.044000000000000004,0.0,1
187,2015-08-01,18401.626,5.1,172.93,-0.141627628,100.9165,5207.0,5699.2,5727.7,4928.3,15460000000.0,-8.64%,-0.0864,0.0,0
188,2015-09-01,18401.626,5.0,173.82299999999998,-0.155675658,100.633,5021.6,5207.0,5221.1,4918.4,16090000000.0,-3.56%,-0.0356,0.0,0
189,2015-10-01,18435.137,5.0,174.787,-0.044968375,100.1563,5239.4,5021.7,5384.8,5021.7,12940000000.0,4.34%,0.0434,0.0,1
190,2015-11-01,18435.137,5.1,175.733,-0.211068038,99.4366,5166.5,5239.4,5313.7,4979.2,13830000000.0,-1.39%,-0.0139,0.0,0
191,2015-12-01,18435.137,5.0,176.537,-0.341709644,98.9471,5295.9,5166.5,5325.8,4909.6,13500000000.0,2.50%,0.025,0.0,1
192,2016-01-01,18525.933,4.8,177.262,0.165310221,99.4391,5005.5,5295.9,5331.4,4803.9,11390000000.0,-5.48%,-0.0548,0.0,0
193,2016-02-01,18525.933,4.9,177.64,0.082307653,98.9232,4880.9,5005.5,5073.0,4706.7,14980000000.0,-2.49%,-0.024900000000000002,0.0,0
194,2016-03-01,18525.933,5.0,178.15599999999998,0.430600014,98.1635,5082.8,4880.9,5216.2,4868.1,14680000000.0,4.14%,0.0414,0.0,1
195,2016-04-01,18711.702,5.1,178.757,0.474106798,98.4775,5252.2,5082.8,5281.6,4893.5,11620000000.0,3.33%,0.0333,0.0,1
196,2016-05-01,18711.702,4.8,179.419,0.4045791,98.2549,5378.6,5252.2,5427.7,5182.2,13760000000.0,2.41%,0.0241,0.0,1
197,2016-06-01,18711.702,4.9,180.08599999999998,0.328436617,98.7315,5233.4,5378.6,5392.5,5051.0,13810000000.0,-2.70%,-0.027000000000000003,0.0,0
198,2016-07-01,18892.639,4.8,180.846,-0.16181364,98.8452,5562.4,5233.4,5570.4,5148.7,11520000000.0,6.29%,0.0629,0.0,1
199,2016-08-01,18892.639,4.9,181.836,0.091843011,98.7427,5433.0,5562.4,5611.2,5412.6,13190000000.0,-2.33%,-0.0233,0.0,0
200,2016-09-01,18892.639,5.0,182.81,0.240399586,98.6552,5435.9,5433.0,5473.3,5192.2,13840000000.0,0.05%,0.0005,0.0,1
201,2016-10-01,19089.379,4.9,183.739,0.124674851,98.7237,5317.7,5435.9,5498.0,5261.4,12200000000.0,-2.17%,-0.0217,0.0,0
202,2016-11-01,19089.379,4.7,184.748,-0.155546087,98.3443,5440.5,5317.7,5520.9,5052.1,15050000000.0,2.31%,0.0231,0.0,1
203,2016-12-01,19089.379,4.7,185.711,0.032732139,99.0406,5665.8,5440.5,5699.1,5383.8,12490000000.0,4.14%,0.0414,0.0,1
204,2017-01-01,19280.084,4.7,186.793,0.582772789,98.8158,5620.9,5667.4,5827.5,5604.3,10580000000.0,-0.79%,-0.0079,0.0,0
205,2017-02-01,19280.084,4.6,187.311,0.314611739,98.4356,5712.2,5620.9,5833.2,5582.7,13230000000.0,1.62%,0.016200000000000003,0.0,1
206,2017-03-01,19280.084,4.4,187.989,0.081279787,99.0492,5864.9,5712.2,5901.5,5675.0,15410000000.0,2.67%,0.026699999999999998,0.0,1
207,2017-04-01,19438.643,4.4,188.719,0.296553337,100.0416,5924.1,5864.9,5950.1,5790.6,10540000000.0,1.01%,0.0101,0.0,1
208,2017-05-01,19438.643,4.4,189.607,0.085472183,100.128,5724.6,5924.1,5956.5,5679.8,15250000000.0,-3.37%,-0.0337,0.0,0
209,2017-06-01,19438.643,4.3,190.514,0.090711101,100.337,5721.5,5724.6,5836.4,5629.8,14720000000.0,-0.05%,-0.0005,0.0,0
210,2017-07-01,19692.595,4.3,191.46,-0.068992264,100.0865,5720.6,5721.5,5799.6,5653.3,11800000000.0,-0.02%,-0.0002,0.0,0
211,2017-08-01,19692.595,4.4,192.647,0.29944523,99.6323,5714.5,5720.6,5806.3,5645.8,13920000000.0,-0.11%,-0.0011,0.0,0
212,2017-09-01,19692.595,4.3,193.742,0.529490589,99.7482,5681.6,5714.5,5777.7,5639.4,11070000000.0,-0.58%,-0.0058,0.0,0
213,2017-10-01,20037.088,4.2,194.788,-0.06320421,100.9893,5909.0,5681.6,5938.1,5650.9,10920000000.0,4.00%,0.04,0.0,1
214,2017-11-01,20037.088,4.2,195.941,0.002432469,101.2493,5969.9,5909.0,6052.1,5909.0,11780000000.0,1.03%,0.0103,0.0,1
215,2017-12-01,20037.088,4.1,197.161,-0.058783228,101.4871,6065.1,5969.9,6092.8,5938.7,10430000000.0,1.59%,0.0159,0.0,1
216,2018-01-01,20328.553,4.0,198.302,0.544774545,101.4852,6037.7,6065.1,6150.0,5991.9,9760000000.0,-0.45%,-0.0045000000000000005,0.0,0
217,2018-02-01,20328.553,4.1,199.229,0.453468997,101.7319,6016.0,6037.7,6121.4,5786.8,12880000000.0,-0.36%,-0.0036,0.0,0
218,2018-03-01,20328.553,4.0,199.967,0.22611259,102.1943,5759.4,6016.0,6026.1,5752.7,12350000000.0,-4.27%,-0.042699999999999995,0.0,0
219,2018-04-01,20580.912,4.0,200.661,0.397509156,103.3551,5982.7,5759.4,5991.1,5724.8,9950000000.0,3.88%,0.0388,0.0,1
220,2018-05-01,20580.912,3.8,201.424,0.415891693,102.381,6011.9,5982.7,6146.8,5964.1,13300000000.0,0.49%,0.0049,0.0,1
221,2018-06-01,20580.912,4.0,202.236,0.15938757,103.2256,6194.6,6011.9,6250.8,5972.0,12080000000.0,3.04%,0.0304,0.0,1
222,2018-07-01,20798.73,3.8,202.907,0.006746326,103.3561,6280.2,6194.6,6306.1,6174.4,11140000000.0,1.38%,0.0138,0.0,1
223,2018-08-01,20798.73,3.8,203.659,0.055554233,104.0585,6319.5,6280.2,6373.5,6230.9,13820000000.0,0.63%,0.0063,0.0,1
224,2018-09-01,20798.73,3.7,204.314,0.116202518,104.1038,6207.6,6319.5,6333.7,6102.0,12070000000.0,-1.77%,-0.0177,0.0,0
225,2018-10-01,20917.867,3.8,205.077,0.176676346,103.9297,5830.3,6207.6,6207.6,5624.6,14010000000.0,-6.08%,-0.0608,0.0,0
226,2018-11-01,20917.867,3.8,205.65,-0.334934852,104.0126,5667.2,5830.3,5941.3,5594.0,13850000000.0,-2.80%,-0.027999999999999997,0.0,0
227,2018-12-01,20917.867,3.9,206.141,-0.319396282,104.0451,5646.4,5667.2,5771.2,5410.2,12460000000.0,-0.37%,-0.0037,0.0,0
228,2019-01-01,21104.133,4.0,206.536,0.190659667,103.3598,5864.7,5646.4,5915.2,5552.0,10830000000.0,3.87%,0.0387,0.0,1
229,2019-02-01,21104.133,3.8,206.862,0.422705314,102.8251,6169.0,5864.7,6191.1,5848.9,13710000000.0,5.19%,0.0519,0.0,1
230,2019-03-01,21104.133,3.8,207.083,0.564135836,102.8361,6180.7,6169.0,6270.9,6096.8,14420000000.0,0.19%,0.0019,0.0,1
231,2019-04-01,21384.775,3.7,207.535,0.529500161,102.2748,6325.5,6180.7,6390.5,6169.8,10470000000.0,2.34%,0.023399999999999997,0.0,1
232,2019-05-01,21384.775,3.6,208.148,0.212875859,102.4176,6396.9,6325.5,6510.9,6203.1,13870000000.0,1.13%,0.0113,0.0,1
233,2019-06-01,21384.775,3.6,208.642,0.019914718,102.5425,6618.8,6396.9,6691.5,6315.6,13580000000.0,3.47%,0.0347,0.0,1
234,2019-07-01,21694.282,3.7,209.247,0.167094162,102.0057,6812.6,6618.8,6875.5,6618.8,13380000000.0,2.93%,0.029300000000000003,0.0,1
235,2019-08-01,21694.282,3.6,210.028,-0.005066824,102.7814,6604.2,6812.6,6812.6,6396.0,15480000000.0,-3.06%,-0.030600000000000002,0.0,0
236,2019-09-01,21694.282,3.5,210.838,0.078344858,102.4601,6688.3,6604.2,6775.6,6503.9,14700000000.0,1.27%,0.0127,0.0,1
237,2019-10-01,21902.39,3.6,211.725,0.228619055,101.5878,6663.4,6688.3,6766.2,6475.4,13040000000.0,-0.37%,-0.0037,0.0,0
238,2019-11-01,21902.39,3.6,212.765,-0.053624303,102.1494,6846.0,6663.4,6893.7,6634.7,12650000000.0,2.74%,0.0274,0.0,1
239,2019-12-01,21902.39,3.6,213.93400000000003,-0.090976953,101.9421,6684.1,6846.0,6890.0,6590.1,11090000000.0,-2.36%,-0.0236,0.0,0
240,2020-01-01,21706.513,3.6,215.032,0.387976994,101.3372,7017.2,6684.1,7144.9,6669.2,10880000000.0,4.98%,0.049800000000000004,0.0,1
241,2020-02-01,21706.513,3.5,215.902,0.274061813,101.6718,6441.2,7017.2,7197.2,6426.8,15830000000.0,-8.21%,-0.0821,0.0,0
242,2020-03-01,21706.513,4.4,216.462,-0.217645103,97.606,5076.8,6438.9,6524.3,4402.5,32860000000.0,-21.18%,-0.2118,1.0,0
243,2020-04-01,19913.143,14.8,216.862,-0.668694187,84.6812,5522.4,5076.8,5563.6,5022.4,19760000000.0,8.78%,0.08779999999999999,1.0,1
244,2020-05-01,19913.143,13.2,216.992,0.001950162,86.0108,5755.7,5522.4,5922.0,5169.6,19850000000.0,4.22%,0.042199999999999994,0.0,1
245,2020-06-01,19913.143,11.0,217.576,0.547204693,91.6745,5897.9,5755.7,6198.6,5705.4,22210000000.0,2.47%,0.024700000000000003,0.0,1
246,2020-07-01,21647.64,10.2,219.286,0.50582435,95.0037,5927.8,5897.9,6160.6,5892.8,15300000000.0,0.51%,0.0051,0.0,1
247,2020-08-01,21647.64,8.4,222.267,0.315321052,95.9294,6060.5,5927.8,6199.2,5860.7,16300000000.0,2.24%,0.022400000000000003,0.0,1
248,2020-09-01,21647.64,7.8,225.727,0.139274694,95.8914,5815.9,6060.5,6130.8,5763.2,17110000000.0,-4.04%,-0.0404,0.0,0
249,2020-10-01,22024.502,6.8,229.644,0.041493776,96.5256,5927.6,5815.9,6248.3,5779.6,13870000000.0,1.92%,0.0192,0.0,1
250,2020-11-01,22024.502,6.7,233.212,-0.061062722,96.9529,6517.8,5927.6,6713.3,5904.1,15410000000.0,9.96%,0.09960000000000001,0.0,1
251,2020-12-01,22024.502,6.7,236.532,0.094147847,98.2039,6587.1,6517.8,6765.7,6511.4,12850000000.0,1.06%,0.0106,0.0,1
252,2021-01-01,22600.185,6.4,239.686,0.425378349,98.8135,6607.4,6587.1,6832.6,6585.3,10490000000.0,0.31%,0.0031,0.0,1
253,2021-02-01,22600.185,6.2,242.44,0.547438279,95.5072,6673.3,6607.4,6938.0,6517.2,12930000000.0,1.00%,0.01,0.0,1
254,2021-03-01,22600.185,6.1,245.554,0.708327313,98.1929,6790.7,6673.3,6862.6,6648.6,14600000000.0,1.76%,0.0176,0.0,1
255,2021-04-01,23292.362,6.1,249.124,0.821890915,98.3317,7025.8,6790.7,7096.9,6783.3,11140000000.0,3.46%,0.0346,0.0,1
256,2021-05-01,23292.362,5.8,253.385,0.801710515,99.1867,7161.6,7025.8,7203.3,6917.3,12440000000.0,1.93%,0.019299999999999998,0.0,1
257,2021-06-01,23292.362,5.9,258.248,0.92906629,99.6483,7313.0,7161.6,7406.2,7117.5,13070000000.0,2.11%,0.021099999999999997,0.0,1
258,2021-07-01,23828.973,5.4,262.617,0.481052353,100.0668,7392.6,7313.0,7447.9,7205.0,12600000000.0,1.09%,0.0109,0.0,1
259,2021-08-01,23828.973,5.1,266.594,0.206591136,100.0412,7534.9,7415.9,7632.8,7414.9,14000000000.0,1.92%,0.0192,0.0,1
260,2021-09-01,23828.973,4.7,270.175,0.271597086,98.9955,7332.2,7534.9,7539.0,7145.7,16500000000.0,-2.69%,-0.0269,0.0,0
261,2021-10-01,24654.603,4.5,273.543,0.830811855,100.3542,7323.7,7332.2,7473.9,7157.9,13280000000.0,-0.12%,-0.0012,0.0,0
262,2021-11-01,24654.603,4.1,277.26,0.49134275,101.2684,7256.0,7323.7,7479.1,7180.3,13540000000.0,-0.92%,-0.0092,0.0,0
263,2021-12-01,24654.603,3.9,281.47,0.307251716,101.1948,7444.6,7256.0,7520.6,7168.9,11900000000.0,2.60%,0.026000000000000002,0.0,1
264,2022-01-01,25029.116,4.0,286.188,0.841457378,101.2146,6971.6,7444.6,7620.2,6758.2,14030000000.0,-6.35%,-0.0635,0.0,0
265,2022-02-01,25029.116,3.8,291.266,0.913397926,101.8458,7049.1,6971.6,7356.8,6945.7,15930000000.0,1.11%,0.0111,0.0,1
266,2022-03-01,25029.116,3.6,296.538,1.335137955,102.6732,7499.6,7049.1,7556.6,6968.9,18820000000.0,6.39%,0.0639,0.0,1
267,2022-04-01,25544.273,3.7,300.573,0.558253103,102.9024,7435.0,7499.6,7624.8,7233.3,12020000000.0,-0.86%,-0.0086,0.0,0
268,2022-05-01,25544.273,3.6,303.617,1.1023524,102.9659,7211.2,7435.0,7435.0,6930.2,15920000000.0,-3.01%,-0.0301,0.0,0
269,2022-06-01,25544.273,3.6,304.478,1.373607576,102.8224,6568.1,7211.2,7254.6,6407.0,18290000000.0,-8.92%,-0.0892,0.0,0
270,2022-07-01,25994.639,3.5,303.512,-0.011811914,103.0505,6945.2,6568.1,6973.6,6537.2,14070000000.0,5.74%,0.0574,0.0,1
271,2022-08-01,25994.639,3.6,301.046,-0.035439928,103.1703,6986.8,6945.2,7137.5,6918.2,16230000000.0,0.60%,0.006,0.0,1
272,2022-09-01,25994.639,3.5,299.02,0.215078451,103.5326,6474.2,6986.8,7015.2,6433.1,18130000000.0,-7.34%,-0.07339999999999999,0.0,0
273,2022-10-01,26408.405,3.6,298.61400000000003,0.405649443,103.4442,6863.5,6474.2,6873.8,6411.9,16450000000.0,6.01%,0.0601,0.0,1
274,2022-11-01,26408.405,3.6,298.339,-0.101002644,103.1058,7284.2,6863.5,7293.7,6823.0,17360000000.0,6.13%,0.0613,0.0,1
275,2022-12-01,26408.405,3.5,297.60900000000004,-0.307009146,101.8266,7038.7,7284.2,7375.2,6993.8,13710000000.0,-3.37%,-0.0337,0.0,0
276,2023-01-01,26813.601,3.4,297.461,0.799536383,102.7476,7476.7,7038.7,7516.8,6905.3,11920000000.0,6.22%,0.0622,0.0,1
277,2023-02-01,26813.601,3.6,297.779,0.558211051,102.8003,7258.4,7476.7,7567.7,7193.4,14250000000.0,-2.92%,-0.0292,0.0,0
278,2023-03-01,26813.601,3.5,298.839,0.331072996,102.8143,7177.8,7258.4,7370.3,6895.0,18100000000.0,-1.11%,-0.0111,0.0,0
279,2023-04-01,27063.012,3.4,300.244,0.505903868,103.2241,7309.2,7177.8,7391.2,7177.8,11430000000.0,1.83%,0.0183,0.0,1
280,2023-05-01,27063.012,3.7,302.323,0.251843501,102.9809,7091.3,7309.2,7368.0,7091.3,15280000000.0,-2.98%,-0.0298,0.0,0
281,2023-06-01,27063.012,3.6,304.366,0.322891424,102.3809,7203.3,7091.3,7368.4,7054.8,14950000000.0,1.58%,0.0158,0.0,1
282,2023-07-01,27610.128,3.5,306.474,0.190751502,103.0722,7410.4,7203.3,7472.3,6998.1,12500000000.0,2.88%,0.0288,0.0,1
283,2023-08-01,27610.128,3.8,308.86400000000003,0.436715507,103.0951,7305.3,7410.4,7470.1,7090.0,16230000000.0,-1.42%,-0.014199999999999999,0.0,0
284,2023-09-01,27610.128,3.8,310.92400000000004,0.248513155,103.3081,7048.6,7305.3,7340.9,6957.2,15680000000.0,-3.51%,-0.0351,0.0,0
285,2023-10-01,27956.998,3.8,312.772,-0.038337952,102.5781,6780.7,7048.6,7112.7,6751.3,15750000000.0,-3.80%,-0.038,0.0,0
286,2023-11-01,27956.998,3.7,313.658,-0.201513955,102.8868,7087.3,6780.7,7125.6,6780.7,14730000000.0,4.52%,0.0452,0.0,1
287,2023-12-01,27956.998,3.7,314.42900000000003,-0.099332033,102.6309,7590.8,7087.3,7614.3,7041.1,14360000000.0,7.10%,0.071,0.0,1
288,2024-01-01,28269.174,3.7,315.78700000000003,0.54475038,101.483,7680.7,7590.8,7682.3,7322.0,12310000000.0,1.18%,0.0118,0.0,1
289,2024-02-01,28269.174,3.9,317.332,0.618967178,102.6045,7698.7,7680.7,7703.8,7489.4,19210000000.0,0.23%,0.0023,0.0,1
290,2024-03-01,28269.174,3.8,318.308,0.646416994,102.4062,7896.9,7698.7,7901.2,7591.4,14580000000.0,2.57%,0.025699999999999997,0.0,1
291,2024-04-01,28629.153,3.9,319.326,0.2134563421065292,102.4329,7664.1,7896.9,7910.5,7492.6,11630000000.0,-2.95%,-0.029500000000000002,0.0,0
292,2024-05-01,28629.153,4.0,320.144,0.2134563421065292,103.3282,7701.7,7664.1,7900.2,7556.5,13660000000.0,0.49%,0.0049,0.0,1
293,2024-06-01,28629.153,4.1,179.85320136518772,0.2134563421065292,103.9941,7767.5,7701.7,7861.8,7654.2,12750000000.0,0.85%,0.0085,0.0,1
294,2024-07-01,28629.153,4.3,179.85320136518772,0.2134563421065292,97.1567224489796,8092.3,7767.5,8092.3,7702.5,12790000000.0,4.18%,0.0418,0.0,1
